id,text,created_at,retweet_count,favorite_count,source,length,user_id,user_screen_name,user_name,user_created_at,user_description,user_followers_count,user_friends_count,user_location,user_statuses_count,user_verified,user_url,tokenized_text,token_texts,no_of_question_marks,no_of_exclamation_marks,no_of_hashtags,no_of_mentions,cleaned_text,no_of_colon_marks,no_of_words,no_of_uppercase_words,user_has_url?
1187835173347438592,"#Tunisia: President Kais Saied met on Friday Nabil Karoui, president of ""Qalb Tounes"" party who said his party backâ€¦ https://t.co/3YUWIeklKo",2019-10-25 20:55:48,2,0,Twitter for Android,140,1107922323175297024,TapNewsAgency,TAP news agency,2019-03-19 08:30:40,TAP news agency... reliable source for timely news,1425,103,"Tunis, Tunisia ğŸ‡¹ğŸ‡³",3232,False,https://t.co/ApOu0cORlo,"['#Tunisia', ':', 'President', 'Kais', 'Saied', 'met', 'on', 'Friday', 'Nabil', 'Karoui', ',', 'president', 'of', '""', 'Qalb', 'Tounes', '""', 'party', 'who', 'said', 'his', 'party', 'back', 'â€¦', 'https://t.co/3YUWIeklKo']","['#Tunisia', ':', 'President', 'Kais', 'Saied', 'met', 'Friday', 'Nabil', 'Karoui', ',', 'president', '""', 'Qalb', 'Tounes', '""', 'party', 'said', 'party', 'back', 'â€¦', 'https://t.co/3YUWIeklKo']",0,0,1,0,"Tunisia President Kais Saied met on Friday Nabil Karoui president of ""Qalb Tounes"" party who said his party backâ€¦ ",1,19,5,Yes
1187832668697878533,#Tunisia: President Kais Saied met Secretary General of @Attayar_Attayar Mohamed Abbou who said he spoke of his parâ€¦ https://t.co/VlrZ7Lcsk1,2019-10-25 20:45:51,0,0,Twitter for Android,140,1107922323175297024,TapNewsAgency,TAP news agency,2019-03-19 08:30:40,TAP news agency... reliable source for timely news,1425,103,"Tunis, Tunisia ğŸ‡¹ğŸ‡³",3232,False,https://t.co/ApOu0cORlo,"['#Tunisia', ':', 'President', 'Kais', 'Saied', 'met', 'Secretary', 'General', 'of', '@Attayar_Attayar', 'Mohamed', 'Abbou', 'who', 'said', 'he', 'spoke', 'of', 'his', 'par', 'â€¦', 'https://t.co/VlrZ7Lcsk1']","['#Tunisia', ':', 'President', 'Kais', 'Saied', 'met', 'Secretary', 'General', '@Attayar_Attayar', 'Mohamed', 'Abbou', 'said', 'spoke', 'par', 'â€¦', 'https://t.co/VlrZ7Lcsk1']",0,0,1,1,Tunisia President Kais Saied met Secretary General of  Mohamed Abbou who said he spoke of his parâ€¦ ,1,17,2,Yes
1187815193524555776,#Tunisia: preliminary results of @EnnahdhaParty's  consultations with a number of political parties and national orâ€¦ https://t.co/9M0c4dM9Xg,2019-10-25 19:36:25,1,0,Twitter Web App,140,1107922323175297024,TapNewsAgency,TAP news agency,2019-03-19 08:30:40,TAP news agency... reliable source for timely news,1425,103,"Tunis, Tunisia ğŸ‡¹ğŸ‡³",3232,False,https://t.co/ApOu0cORlo,"['#Tunisia', ':', 'preliminary', 'results', 'of', '@EnnahdhaParty', ""'"", 's', 'consultations', 'with', 'a', 'number', 'of', 'political', 'parties', 'and', 'national', 'or', 'â€¦', 'https://t.co/9M0c4dM9Xg']","['#Tunisia', ':', 'preliminary', 'results', '@EnnahdhaParty', ""'"", 'consultations', 'number', 'political', 'parties', 'national', 'â€¦', 'https://t.co/9M0c4dM9Xg']",0,0,1,1,Tunisia preliminary results of 's  consultations with a number of political parties and national orâ€¦ ,1,15,3,Yes
1187798838725267456,"#Tunisia's new president Kais Saied invited his former electoral rival, Nabil Karoui, to the presidential palace toâ€¦ https://t.co/STG7adC6k1",2019-10-25 18:31:26,9,14,Twitter Web App,140,618163758,sh_grewal,Sharan Grewal,2012-06-25 13:13:10,"Assistant Professor @WilliamAndMary and Visiting Fellow @BrookingsFP. North Africa, civmil, religion. @Princeton PhD.",3098,696,"Washington, DC",2957,False,https://t.co/3nxoL3Cs1n,"[""#Tunisia's"", 'new', 'president', 'Kais', 'Saied', 'invited', 'his', 'former', 'electoral', 'rival', ',', 'Nabil', 'Karoui', ',', 'to', 'the', 'presidential', 'palace', 'to', 'â€¦', 'https://t.co/STG7adC6k1']","[""#Tunisia's"", 'new', 'president', 'Kais', 'Saied', 'invited', 'former', 'electoral', 'rival', ',', 'Nabil', 'Karoui', ',', 'presidential', 'palace', 'â€¦', 'https://t.co/STG7adC6k1']",0,0,1,0,Tunisia's new president Kais Saied invited his former electoral rival Nabil Karoui to the presidential palace toâ€¦ ,0,18,3,Yes
1187693350067101696,Kais said can suck my dick and my beloved compatriots who voted for him can suck ny dick cause theyâ€™re not better tâ€¦ https://t.co/dDcMWH2kQp,2019-10-25 11:32:15,0,0,Twitter for iPhone,140,4690219514,USHIJIMYEAH,AZIZA//MAKING HER WAY IN PHARM SCHOOL,2016-01-01 15:56:00,19ğŸ¦œbirb momğŸ¦œi do artğŸ¦œplays tennis and vbğŸ¦œmultifandom trashğŸ¦œtalk to me Iâ€™m friendly ğŸ¦œ AR/ FR/ ENG/ ESP/ JPNğŸ¦œ HQ!!âœ¨TPNâœ¨BNHAâœ¨& MORE!!âœ¨,806,293,Shiratorizawa is the best team,17008,False,https://t.co/rf2CtHWWW7,"['Kais', 'said', 'can', 'suck', 'my', 'dick', 'and', 'my', 'beloved', 'compatriots', 'who', 'voted', 'for', 'him', 'can', 'suck', 'ny', 'dick', 'cause', 'they', 'â€™', 're', 'not', 'better', 't', 'â€¦', 'https://t.co/dDcMWH2kQp']","['Kais', 'said', 'suck', 'dick', 'beloved', 'compatriots', 'voted', 'suck', 'ny', 'dick', 'cause', 'â€™', 'better', 'â€¦', 'https://t.co/dDcMWH2kQp']",0,0,0,0,Kais said can suck my dick and my beloved compatriots who voted for him can suck ny dick cause theyâ€™re not better tâ€¦ ,0,24,2,Yes
1187691227338158080,"Kais said can kiss my ass, he is not my president and will never be. Period.",2019-10-25 11:23:49,0,0,Twitter for iPhone,76,4690219514,USHIJIMYEAH,AZIZA//MAKING HER WAY IN PHARM SCHOOL,2016-01-01 15:56:00,19ğŸ¦œbirb momğŸ¦œi do artğŸ¦œplays tennis and vbğŸ¦œmultifandom trashğŸ¦œtalk to me Iâ€™m friendly ğŸ¦œ AR/ FR/ ENG/ ESP/ JPNğŸ¦œ HQ!!âœ¨TPNâœ¨BNHAâœ¨& MORE!!âœ¨,806,293,Shiratorizawa is the best team,17008,False,https://t.co/rf2CtHWWW7,"['Kais', 'said', 'can', 'kiss', 'my', 'ass', ',', 'he', 'is', 'not', 'my', 'president', 'and', 'will', 'never', 'be', '.', 'Period', '.']","['Kais', 'said', 'kiss', 'ass', ',', 'president', 'never', '.', 'Period', '.']",0,0,0,0,Kais said can kiss my ass he is not my president and will never be Period,0,16,3,Yes
1187669134760448000,"â€œThe time has come to put an end to the oppression of the Palestinians,â€ Kais Saied said. â€œOur stance towards Palesâ€¦ https://t.co/iuKM7PcNkE",2019-10-25 09:56:02,0,1,Twitter Web App,140,21683811,IgnitionUK,Simon S. Cordall,2009-02-23 19:32:06,"Freelance journalist, gentleman explorer and noted raconteur.   Bylines in: lots of stuff",2296,512,Tunis,10789,False,,"['â€œ', 'The', 'time', 'has', 'come', 'to', 'put', 'an', 'end', 'to', 'the', 'oppression', 'of', 'the', 'Palestinians', ',', 'â€', 'Kais', 'Saied', 'said', '.', 'â€œ', 'Our', 'stance', 'towards', 'Pales', 'â€¦', 'https://t.co/iuKM7PcNkE']","['â€œ', 'time', 'come', 'put', 'end', 'oppression', 'Palestinians', ',', 'â€', 'Kais', 'Saied', 'said', '.', 'â€œ', 'stance', 'towards', 'Pales', 'â€¦', 'https://t.co/iuKM7PcNkE']",0,0,0,0,â€œThe time has come to put an end to the oppression of the Palestiniansâ€ Kais Saied said â€œOur stance towards Palesâ€¦ ,0,21,6,No
1187605988234448896,Tunisiaâ€™s newly-elected President Kais Saied said Palestine is engraved in the hearts of Tunisians and the time hasâ€¦ https://t.co/ZQvkXGw2Gf,2019-10-25 05:45:06,17,28,Hootsuite Inc.,140,81136269,MiddleEastMnt,Middle East Monitor,2009-10-09 15:43:11,Bringing a fair & accurate coverage of the Middle East to the West // Community Guidelines apply: https://t.co/6IBtFBwD5f,100279,1388,"London, UK",130221,True,https://t.co/U9MmCfanJD,"['Tunisia', 'â€™', 's', 'newly-elected', 'President', 'Kais', 'Saied', 'said', 'Palestine', 'is', 'engraved', 'in', 'the', 'hearts', 'of', 'Tunisians', 'and', 'the', 'time', 'has', 'â€¦', 'https://t.co/ZQvkXGw2Gf']","['Tunisia', 'â€™', 'newly-elected', 'President', 'Kais', 'Saied', 'said', 'Palestine', 'engraved', 'hearts', 'Tunisians', 'time', 'â€¦', 'https://t.co/ZQvkXGw2Gf']",0,0,0,0,Tunisiaâ€™s newly-elected President Kais Saied said Palestine is engraved in the hearts of Tunisians and the time hasâ€¦ ,0,20,2,Yes
1187495416507621380,"Today, Kais Said was inaugurated president of #Tunisia, marking the country's first peaceful transfer of power betwâ€¦ https://t.co/pqZY00MFtF",2019-10-24 22:25:44,1,1,Twitter Web App,140,727316106843574272,BagalueSunab,Caribbean disaster,2016-05-03 01:57:27,We are a member of the coalition of small island and low-lying coastal countries that share similar development challenges and concerns,2283,3221,Trinidad and Tobago,153592,False,,"['Today', ',', 'Kais', 'Said', 'was', 'inaugurated', 'president', 'of', '#Tunisia', ',', 'marking', 'the', ""country's"", 'first', 'peaceful', 'transfer', 'of', 'power', 'betw', 'â€¦', 'https://t.co/pqZY00MFtF']","['Today', ',', 'Kais', 'Said', 'inaugurated', 'president', '#Tunisia', ',', 'marking', ""country's"", 'first', 'peaceful', 'transfer', 'power', 'betw', 'â€¦', 'https://t.co/pqZY00MFtF']",0,0,1,0,Today Kais Said was inaugurated president of Tunisia marking the country's first peaceful transfer of power betwâ€¦ ,0,18,3,No
1187468162834432006,"One of the best moments captured yesterday 

Kais Said: The Tunisian president https://t.co/80OrgcfT3U",2019-10-24 20:37:26,16,80,Twitter for iPhone,102,4306019783,tunpost,ØªÙˆÙ†Ø³ â˜ªï¸ Tunisia,2015-11-28 10:14:18,ğ—¬ğ—¼ğ˜‚ğ—¿ ğ—´ğ—®ğ˜ğ—² ğ˜ğ—¼ #ğ—§ğ˜‚ğ—»ğ—¶ğ˜€ğ—¶ğ—® â €â €â €â € â €â €â € â €â € â €â €â € â €â € â €â €â € â €â € â €â €â € â €â €â € â €â €â € â €â €â € â €â €â € â €â €â € â €â €â € â €â €â € â €â €â € â € We own nothing of the content posted...Just sharing..,11591,1,Credits to owners,2883,False,,"['One', 'of', 'the', 'best', 'moments', 'captured', 'yesterday', 'Kais', 'Said', ':', 'The', 'Tunisian', 'president', 'https://t.co/80OrgcfT3U']","['One', 'best', 'moments', 'captured', 'yesterday', 'Kais', 'Said', ':', 'Tunisian', 'president', 'https://t.co/80OrgcfT3U']",0,0,0,0,"One of the best moments captured yesterday 

Kais Said The Tunisian president ",1,12,1,No
1187450785094782977,Hi! @PayMayaOfficial why does my account is still pending? Youâ€™ve said 24 hours eh for me to upgrade my acc. Beforeâ€¦ https://t.co/7Lzu7EQgB1,2019-10-24 19:28:23,0,0,Twitter for iPhone,140,4167790754,totepsjonas,Sherwin Oable,2015-11-08 11:48:39,,2,3,,4,False,,"['Hi', '!', '@PayMayaOfficial', 'why', 'does', 'my', 'account', 'is', 'still', 'pending', '?', 'You', 'â€™', 've', 'said', '24', 'hours', 'eh', 'for', 'me', 'to', 'upgrade', 'my', 'acc', '.', 'Before', 'â€¦', 'https://t.co/7Lzu7EQgB1']","['Hi', '!', '@PayMayaOfficial', 'account', 'still', 'pending', '?', 'â€™', 'said', '24', 'hours', 'eh', 'upgrade', 'acc', '.', 'â€¦', 'https://t.co/7Lzu7EQgB1']",1,1,0,1,Hi  why does my account is still pending Youâ€™ve said 24 hours eh for me to upgrade my acc Beforeâ€¦ ,0,21,6,No
1187429278687879169,@kimuraIock I said yes handsome,2019-10-24 18:02:56,0,0,Twitter for Android,31,713671856696508416,kais_,mnhğŸâ„,2016-03-26 10:20:04,17 @icegallery_,824,305, France,4260,False,https://t.co/bkMaxp9WPd,"['@kimuraIock', 'I', 'said', 'yes', 'handsome']","['@kimuraIock', 'said', 'yes', 'handsome']",0,0,0,1, I said yes handsome,0,4,1,Yes
1187385032320569344,Tunisia's new president Kais Said begins term [Morning Call] https://t.co/vw9bd3cs1x https://t.co/7aVCNYE6W1,2019-10-24 15:07:06,0,0,dlvr.it,108,1878462302,AfricanPeacemag,African Peace,2013-09-18 07:23:17,"Peace, Freedom, Development!",151,672,Africa,29040,False,http://t.co/Yc8yM55SyZ,"[""Tunisia's"", 'new', 'president', 'Kais', 'Said', 'begins', 'term', '[', 'Morning', 'Call', ']', 'https://t.co/vw9bd3cs1x', 'https://t.co/7aVCNYE6W1']","[""Tunisia's"", 'new', 'president', 'Kais', 'Said', 'begins', 'term', '[', 'Morning', 'Call', ']', 'https://t.co/vw9bd3cs1x', 'https://t.co/7aVCNYE6W1']",0,0,0,0,Tunisia's new president Kais Said begins term [Morning Call] ,0,10,2,Yes
1187367384497053696,Tunisiaâ€™s newly-elected President Kais Saied said on Wednesday that #Palestine is #Engraved in the #Hearts of Tunisâ€¦ https://t.co/RKZplP7SBK,2019-10-24 13:56:59,0,0,1buvtw,140,169137367,_1BUV,ğŸ’¥ğŸ’¥ğŸ’¥ğŸ’¥ğŸ’¥ğŸ”­ğŸ¤–â“µâ’·â“Šâ“‹ğŸŒğŸ“¡ğŸ’¥ğŸ’¥ğŸ’¥ğŸ’¥ğŸ’¥,2010-07-21 16:51:57,ğ™‚ğ™¡ğ™¤ğ™—ğ™–ğ™¡ ğ™‰ğ™šğ™¬ğ™¨  ğŸ”Š  #Corruption #Coverups #Dogmas  #Eco #Energy #Money #Politics #Philosophies #Protests #Psyops #Scandals #Wars,645,2553,ğŸ‘½ Earth ğŸ’«,7794,False,https://t.co/hTTVAxspTl,"['Tunisia', 'â€™', 's', 'newly-elected', 'President', 'Kais', 'Saied', 'said', 'on', 'Wednesday', 'that', '#Palestine', 'is', '#Engraved', 'in', 'the', '#Hearts', 'of', 'Tunis', 'â€¦', 'https://t.co/RKZplP7SBK']","['Tunisia', 'â€™', 'newly-elected', 'President', 'Kais', 'Saied', 'said', 'Wednesday', '#Palestine', '#Engraved', '#Hearts', 'Tunis', 'â€¦', 'https://t.co/RKZplP7SBK']",0,0,3,0,Tunisiaâ€™s newly-elected President Kais Saied said on Wednesday that Palestine is Engraved in the Hearts of Tunisâ€¦ ,0,19,2,Yes
1187362983275646978,#Afrique Tunisia's new president Kais Said begins term [Morning Call] https://t.co/u0jZCWnnvg #Africa,2019-10-24 13:39:30,0,0,Twibble.io,101,2752949005,R2Pindex,R2PindexWorld,2014-08-21 19:25:25,An index for the International Community to intervene and act on the Responsibility To Protect In Africa,555,1,United States. Africa. Sweden,408226,False,https://t.co/MoumZK3WUP,"['#Afrique', ""Tunisia's"", 'new', 'president', 'Kais', 'Said', 'begins', 'term', '[', 'Morning', 'Call', ']', 'https://t.co/u0jZCWnnvg', '#Africa']","['#Afrique', ""Tunisia's"", 'new', 'president', 'Kais', 'Said', 'begins', 'term', '[', 'Morning', 'Call', ']', 'https://t.co/u0jZCWnnvg', '#Africa']",0,0,2,0,Afrique Tunisia's new president Kais Said begins term [Morning Call] Africa,0,12,2,Yes
1187168151752060928,"@deadendjustice9 @kittensaurusss @chrishansen Kais dad called the police on her, thatâ€™s what the person said in live chat",2019-10-24 00:45:18,0,6,Twitter for iPhone,121,2571976532,laineysucks,Lainey's scared,2014-06-17 01:38:15,ğŸ’@goanysucksğŸ’ âš ï¸commissions open âš ï¸,277,66,,1889,False,,"['@deadendjustice9', '@kittensaurusss', '@chrishansen', 'Kais', 'dad', 'called', 'the', 'police', 'on', 'her', ',', 'that', 'â€™', 's', 'what', 'the', 'person', 'said', 'in', 'live', 'chat']","['@deadendjustice9', '@kittensaurusss', '@chrishansen', 'Kais', 'dad', 'called', 'police', ',', 'â€™', 'person', 'said', 'live', 'chat']",0,0,0,3,   Kais dad called the police on her thatâ€™s what the person said in live chat,0,16,2,No
1187116191086759937,"@StateDept @VOANews ""We were impressed with Tunisiaâ€™s independent elections commission, which increased voter confiâ€¦ https://t.co/kbsFn327YH",2019-10-23 21:18:50,0,1,Twitter Web App,140,140901881,rongxiang,VOA Nike Ching å¼ è“‰æ¹˜,2010-05-06 17:15:57,"State Department Correspondent of Voice of America @VOANews @SAISHopkins graduate, RTâ‰ Endorsement ç¾å›½ä¹‹éŸ³å¸¸é©»å›½åŠ¡é™¢è®°è€…. å‡ ä¸ªå­—ï¼Œè®©æ‚¨çŸ¥æ™“å¤©ä¸‹å¤§äº‹",7454,1198,"Washington, DC",7751,False,https://t.co/UbP69Ynsk4,"['@StateDept', '@VOANews', '""', 'We', 'were', 'impressed', 'with', 'Tunisia', 'â€™', 's', 'independent', 'elections', 'commission', ',', 'which', 'increased', 'voter', 'confi', 'â€¦', 'https://t.co/kbsFn327YH']","['@StateDept', '@VOANews', '""', 'impressed', 'Tunisia', 'â€™', 'independent', 'elections', 'commission', ',', 'increased', 'voter', 'confi', 'â€¦', 'https://t.co/kbsFn327YH']",0,0,0,2,"  ""We were impressed with Tunisiaâ€™s independent elections commission which increased voter confiâ€¦ ",0,13,4,Yes
1187103558187048963,""" There's no room for anyone to act above law ."" Kais Saied said in a speech after the swearing-in ceremony .",2019-10-23 20:28:38,0,0,Twitter for Android,109,245010639,Dmkt1,Dost Khan,2011-01-30 17:24:53,"Yeni OsmanlÄ±cÄ± ,ğŸ’¡, â¤CumhurbaÅŸkanğŸ’—@RT_Erdoganâ¤ Is My Leader !",1490,5001,,61918,False,,"['""', ""There's"", 'no', 'room', 'for', 'anyone', 'to', 'act', 'above', 'law', '.', '""', 'Kais', 'Saied', 'said', 'in', 'a', 'speech', 'after', 'the', 'swearing-in', 'ceremony', '.']","['""', ""There's"", 'room', 'anyone', 'act', 'law', '.', '""', 'Kais', 'Saied', 'said', 'speech', 'swearing-in', 'ceremony', '.']",0,0,0,0,""" There's no room for anyone to act above law "" Kais Saied said in a speech after the swearing-in ceremony ",0,21,4,No
1187092160446943233,"The message of His Majesty  Mohammed VI King of #Morocco to #Tunisian President Kais Said.
#Carthage #Tunisieâ€¦ https://t.co/1ZnT7sShl7",2019-10-23 19:43:20,3,6,Twitter for Android,134,1044963947709976577,CarthageHanibal,Hannibal Barca ğŸ‡¹ğŸ‡³,2018-09-26 14:56:34,"War does not determine who is right, only who is left ! Long live Carthage !


- Retired Tunisian Military Officer",488,551,Carthage - Tunisia,330,False,,"['The', 'message', 'of', 'His', 'Majesty', 'Mohammed', 'VI', 'King', 'of', '#Morocco', 'to', '#Tunisian', 'President', 'Kais', 'Said', '.', '#Carthage', '#Tunisie', 'â€¦', 'https://t.co/1ZnT7sShl7']","['message', 'Majesty', 'Mohammed', 'VI', 'King', '#Morocco', '#Tunisian', 'President', 'Kais', 'Said', '.', '#Carthage', '#Tunisie', 'â€¦', 'https://t.co/1ZnT7sShl7']",0,0,4,0,"The message of His Majesty  Mohammed VI King of Morocco to Tunisian President Kais Said
Carthage Tunisieâ€¦ ",0,17,3,No
1187086181088948224,"My boyfriend sent me this photo and I edited it, added stickers and stuff. He tucked in my babies and Kuma. I feelâ€¦ https://t.co/BMqwkc4EuV",2019-10-23 19:19:35,0,11,Twitter for Android,139,1044264519181131776,NamiTeruzaki,Nami.ãªã¿,2018-09-24 16:37:17,"ì¹´ì´ğŸ»ã‚«ã‚¤ã¯ã ã„ã™ãã§ã™ğŸ’›
Other SNS: 
â˜†IG and FB: Nami.Teruzaki
â˜†Zomato: Nami Teruzaki
***
Hangry person. Loves bears. ğŸ» Kim Jongin is life.",172,337,"Tulsa, OK",6495,False,https://t.co/YVBYcOUnrN,"['My', 'boyfriend', 'sent', 'me', 'this', 'photo', 'and', 'I', 'edited', 'it', ',', 'added', 'stickers', 'and', 'stuff', '.', 'He', 'tucked', 'in', 'my', 'babies', 'and', 'Kuma', '.', 'I', 'feel', 'â€¦', 'https://t.co/BMqwkc4EuV']","['boyfriend', 'sent', 'photo', 'edited', ',', 'added', 'stickers', 'stuff', '.', 'tucked', 'babies', 'Kuma', '.', 'feel', 'â€¦', 'https://t.co/BMqwkc4EuV']",0,0,0,0,My boyfriend sent me this photo and I edited it added stickers and stuff He tucked in my babies and Kuma I feelâ€¦ ,0,23,6,Yes
1187085575293145094,On god if Kais said doesnâ€™t free Palestine ğŸ¤¬,2019-10-23 19:17:10,0,1,Twitter for iPhone,44,2756906129,lanumoon,linağŸ¦‹,2014-08-31 08:57:12,This is for you big daddy Ø§ Free Palestine Ø§ âµ£,928,111,FreePalestine//blm. â€¢â€¢â€¢â€¢,21467,False,,"['On', 'god', 'if', 'Kais', 'said', 'doesn', 'â€™', 't', 'free', 'Palestine', 'ğŸ¤¬']","['god', 'Kais', 'said', 'â€™', 'free', 'Palestine', 'ğŸ¤¬']",0,0,0,0,On god if Kais said doesnâ€™t free Palestine ğŸ¤¬,0,9,2,No
1187076153607147522,Lol I only did it cause Kais said he wanted to watch me play fifa but shiiii I guess so ğŸ˜…ğŸ˜…ğŸ’€ https://t.co/cNzQJ8iMdw,2019-10-23 18:39:44,0,1,Twitter for iPhone,115,3754093634,LordOkazaki,Ù‹,2015-10-02 02:03:30,Look! There is nothing in my heart! I don't even feel pain!! | #NoSleepWeebs #CobraKai #BlueLanternCorps,522,710,Halloweentown,38047,False,,"['Lol', 'I', 'only', 'did', 'it', 'cause', 'Kais', 'said', 'he', 'wanted', 'to', 'watch', 'me', 'play', 'fifa', 'but', 'shiiii', 'I', 'guess', 'so', 'ğŸ˜…', 'ğŸ˜…', 'ğŸ’€', 'https://t.co/cNzQJ8iMdw']","['Lol', 'cause', 'Kais', 'said', 'wanted', 'watch', 'play', 'fifa', 'shiiii', 'guess', 'ğŸ˜…', 'ğŸ˜…', 'ğŸ’€', 'https://t.co/cNzQJ8iMdw']",0,0,0,0,Lol I only did it cause Kais said he wanted to watch me play fifa but shiiii I guess so ğŸ˜…ğŸ˜…ğŸ’€ ,0,20,5,No
1187066317578354701,"#Tunisia: newly sworn-in President KaÃ¯s SaÃ¯ed went on Wednesday afternoon to the Martyrs' Square in SÃ©joumi, whereâ€¦ https://t.co/7zUTn8nHK0",2019-10-23 18:00:39,4,7,Twitter Web App,139,1107922323175297024,TapNewsAgency,TAP news agency,2019-03-19 08:30:40,TAP news agency... reliable source for timely news,1425,103,"Tunis, Tunisia ğŸ‡¹ğŸ‡³",3232,False,https://t.co/ApOu0cORlo,"['#Tunisia', ':', 'newly', 'sworn-in', 'President', 'KaÃ¯s', 'SaÃ¯ed', 'went', 'on', 'Wednesday', 'afternoon', 'to', 'the', 'Martyrs', ""'"", 'Square', 'in', 'SÃ©joumi', ',', 'where', 'â€¦', 'https://t.co/7zUTn8nHK0']","['#Tunisia', ':', 'newly', 'sworn-in', 'President', 'KaÃ¯s', 'SaÃ¯ed', 'went', 'Wednesday', 'afternoon', 'Martyrs', ""'"", 'Square', 'SÃ©joumi', ',', 'â€¦', 'https://t.co/7zUTn8nHK0']",0,0,1,0,Tunisia newly sworn-in President KaÃ¯s SaÃ¯ed went on Wednesday afternoon to the Martyrs' Square in SÃ©joumi whereâ€¦ ,1,18,4,Yes
1187030999517093890,"#Tunisia: ""the harmonious hand-over ceremony is a sign of stability and continuity of the State, outgoing Presidentâ€¦ https://t.co/qJaF90Afxs",2019-10-23 15:40:18,2,0,Twitter for Android,140,1107922323175297024,TapNewsAgency,TAP news agency,2019-03-19 08:30:40,TAP news agency... reliable source for timely news,1425,103,"Tunis, Tunisia ğŸ‡¹ğŸ‡³",3232,False,https://t.co/ApOu0cORlo,"['#Tunisia', ':', '""', 'the', 'harmonious', 'hand-over', 'ceremony', 'is', 'a', 'sign', 'of', 'stability', 'and', 'continuity', 'of', 'the', 'State', ',', 'outgoing', 'President', 'â€¦', 'https://t.co/qJaF90Afxs']","['#Tunisia', ':', '""', 'harmonious', 'hand-over', 'ceremony', 'sign', 'stability', 'continuity', 'State', ',', 'outgoing', 'President', 'â€¦', 'https://t.co/qJaF90Afxs']",0,0,1,0,"Tunisia ""the harmonious hand-over ceremony is a sign of stability and continuity of the State outgoing Presidentâ€¦ ",1,18,4,Yes
1187029673831796737,Tunisia-Bochra Belhaj Hmida: President  Kais said has to review his attitude in regards to women inheritance https://t.co/XfOsuAORsI,2019-10-23 15:35:02,0,0,Facebook,132,226171563,TUNumerique,Tunisie NumÃ©rique,2010-12-13 14:12:36,Tunisie NumÃ©rique : La Tunisie Ã  l'Ã¨re de la DÃ©mocratie,67407,1,Tunisie,76386,False,http://t.co/7msZoREuxv,"['Tunisia-Bochra', 'Belhaj', 'Hmida', ':', 'President', 'Kais', 'said', 'has', 'to', 'review', 'his', 'attitude', 'in', 'regards', 'to', 'women', 'inheritance', 'https://t.co/XfOsuAORsI']","['Tunisia-Bochra', 'Belhaj', 'Hmida', ':', 'President', 'Kais', 'said', 'review', 'attitude', 'regards', 'women', 'inheritance', 'https://t.co/XfOsuAORsI']",0,0,0,0,Tunisia-Bochra Belhaj Hmida President  Kais said has to review his attitude in regards to women inheritance ,1,17,1,Yes
1187017227435941888,"Tunisia, Tunis: During the swearing-in ceremony at the Tunisia Assembly of the Representatives of the People , 
theâ€¦ https://t.co/xMunF1XxRP",2019-10-23 14:45:35,31,24,Twitter Web App,140,3852099016,MarwaLahouimel,Marwa,2015-10-03 11:52:48,"ğŸ‡¹ğŸ‡³ Tunisian Translator                                                            
#GroupPalestine #Ù‚Ø±ÙˆØ¨_ÙÙ„Ø³Ø·ÙŠÙ†ÙŠ  
 ğŸ’•ğŸ‡µğŸ‡¸ğŸ‡¹ğŸ‡³ØªØºØ±ÙŠØ¯Ø§ØªÙŠ Ù„ÙÙ„Ø³Ø·ÙŠÙ† ÙÙŠ Ø§Ù„Ø§Ø¹Ø¬Ø§Ø¨ğŸ’•",520,990,Tunisia,5649,False,,"['Tunisia', ',', 'Tunis', ':', 'During', 'the', 'swearing-in', 'ceremony', 'at', 'the', 'Tunisia', 'Assembly', 'of', 'the', 'Representatives', 'of', 'the', 'People', ',', 'the', 'â€¦', 'https://t.co/xMunF1XxRP']","['Tunisia', ',', 'Tunis', ':', 'swearing-in', 'ceremony', 'Tunisia', 'Assembly', 'Representatives', 'People', ',', 'â€¦', 'https://t.co/xMunF1XxRP']",0,0,0,0,"Tunisia Tunis During the swearing-in ceremony at the Tunisia Assembly of the Representatives of the People  
theâ€¦ ",1,18,4,No
1186994972073046016,@FinallyKais Kais said it first.,2019-10-23 13:17:09,0,1,Twitter for Android,32,89717183,acmilan_eb,eazy,2009-11-13 15:05:22,Anti-social ambitionist â€¢ ACMilan â€¢ Sporting CP â€¢ KNVB,2748,771,"San Siro, Lombardia",37665,False,https://t.co/8Kjk5qU4Pv,"['@FinallyKais', 'Kais', 'said', 'it', 'first', '.']","['@FinallyKais', 'Kais', 'said', 'first', '.']",0,0,0,1, Kais said it first,0,4,1,Yes
1186991524191571968,"""We must restore confidence between the rulers and the governed,"" said Kais Saied in his inaugural address. 

https://t.co/MYYTHTdNfn",2019-10-23 13:03:27,1,4,Twitter Web App,133,878629695075606529,stephen_quillen,Stephen Quillen,2017-06-24 15:03:38,Tunis-based journalist with The Arab Weekly,153,405,"Tunis, Tunisia",50,False,,"['""', 'We', 'must', 'restore', 'confidence', 'between', 'the', 'rulers', 'and', 'the', 'governed', ',', '""', 'said', 'Kais', 'Saied', 'in', 'his', 'inaugural', 'address', '.', 'https://t.co/MYYTHTdNfn']","['""', 'must', 'restore', 'confidence', 'rulers', 'governed', ',', '""', 'said', 'Kais', 'Saied', 'inaugural', 'address', '.', 'https://t.co/MYYTHTdNfn']",0,0,0,0,"""We must restore confidence between the rulers and the governed"" said Kais Saied in his inaugural address 

",0,17,4,No
1186990660781576193,"Today, Kais Said was inaugurated president of #Tunisia, marking the country's first peaceful transfer of power betwâ€¦ https://t.co/bMfwgiNN9s",2019-10-23 13:00:01,4,11,Twitter Media Studio,140,36761621,IRIglobal,IRI,2009-04-30 20:23:37,"The International Republican Institute is a nonprofit, nonpartisan organization committed to advancing freedom and democracy worldwide.",31538,6291,,33459,True,https://t.co/736U4e5bEa,"['Today', ',', 'Kais', 'Said', 'was', 'inaugurated', 'president', 'of', '#Tunisia', ',', 'marking', 'the', ""country's"", 'first', 'peaceful', 'transfer', 'of', 'power', 'betw', 'â€¦', 'https://t.co/bMfwgiNN9s']","['Today', ',', 'Kais', 'Said', 'inaugurated', 'president', '#Tunisia', ',', 'marking', ""country's"", 'first', 'peaceful', 'transfer', 'power', 'betw', 'â€¦', 'https://t.co/bMfwgiNN9s']",0,0,1,0,Today Kais Said was inaugurated president of Tunisia marking the country's first peaceful transfer of power betwâ€¦ ,0,18,3,Yes
1186980350003699712,"im watching the kais said speech rn bc itâ€™s lunch break, and erm, i just wanted to say im beyond proud. we are goinâ€¦ https://t.co/cpuRku9qqF",2019-10-23 12:19:03,0,2,Twitter for iPhone,140,1080452041,happilysusanito,sau,2013-01-11 17:54:45,half italian â€“ half tunisian | expresso yourself,3322,259,"London, England",111245,False,,"['im', 'watching', 'the', 'kais', 'said', 'speech', 'rn', 'bc', 'it', 'â€™', 's', 'lunch', 'break', ',', 'and', 'erm', ',', 'i', 'just', 'wanted', 'to', 'say', 'im', 'beyond', 'proud', '.', 'we', 'are', 'goin', 'â€¦', 'https://t.co/cpuRku9qqF']","['im', 'watching', 'kais', 'said', 'speech', 'rn', 'bc', 'â€™', 'lunch', 'break', ',', 'erm', ',', 'wanted', 'say', 'im', 'beyond', 'proud', '.', 'goin', 'â€¦', 'https://t.co/cpuRku9qqF']",0,0,0,0,im watching the kais said speech rn bc itâ€™s lunch break and erm i just wanted to say im beyond proud we are goinâ€¦ ,0,25,5,No
1186979458969944064,"New #Tunisia-n #President #KaisSaied, gave his first speech in front of #parliament. 
Here are the main points of wâ€¦ https://t.co/Hor2BQJM88",2019-10-23 12:15:30,4,11,Twitter Web App,140,708759938336686081,Barr_al_Aman,Barr al Aman - Recherche - MÃ©dia,2016-03-12 21:01:52,"Assessing policies through research & media. Intl trade/affairs, health, agriculture/water, education, local democ.
 Ù„ØªÙ‚ÙŠÙŠÙ… Ø§Ù„Ø³ÙŠØ§Ø³Ø§Øª Ø§Ù„Ø¹Ø§Ù…Ø© Ø¹Ø¨Ø± Ø§Ù„Ø¨Ø­ÙˆØ« ÙˆØ§Ù„Ø¥Ø¹Ù„Ø§Ù…",800,80,Around Mediterranean (Tunis),922,False,https://t.co/sSYdNrmvYG,"['New', '#Tunisia-n', '#President', '#KaisSaied', ',', 'gave', 'his', 'first', 'speech', 'in', 'front', 'of', '#parliament', '.', 'Here', 'are', 'the', 'main', 'points', 'of', 'w', 'â€¦', 'https://t.co/Hor2BQJM88']","['New', '#Tunisia-n', '#President', '#KaisSaied', ',', 'gave', 'first', 'speech', 'front', '#parliament', '.', 'main', 'points', 'w', 'â€¦', 'https://t.co/Hor2BQJM88']",0,0,4,0,"New Tunisia-n President KaisSaied gave his first speech in front of parliament 
Here are the main points of wâ€¦ ",0,20,3,Yes
1186944061992775681,Woke up to kais saÃ¯d's voice...bad fucking morning to me,2019-10-23 09:54:51,0,1,Twitter for Android,56,2743271258,i__samar,samar,2014-08-18 22:40:35,,1398,339,shay 74x  keegan72x,56439,False,,"['Woke', 'up', 'to', 'kais', 'saÃ¯d', ""'"", 's', 'voice', '.', '.', '.', 'bad', 'fucking', 'morning', 'to', 'me']","['Woke', 'kais', 'saÃ¯d', ""'"", 'voice', '.', '.', '.', 'bad', 'fucking', 'morning']",0,0,0,0,Woke up to kais saÃ¯d's voicebad fucking morning to me,0,11,4,No
1186929873434136582,"The republic of Tunisia's different presidents, had on way or another, interacted, collaborated among each other, wâ€¦ https://t.co/IL2VVpfcAU",2019-10-23 08:58:28,0,0,Facebook,140,1442577788,KarimHamila1,Karim Hamila,2013-05-20 01:28:56,Doctorant,11,79,Lyon,500,False,,"['The', 'republic', 'of', ""Tunisia's"", 'different', 'presidents', ',', 'had', 'on', 'way', 'or', 'another', ',', 'interacted', ',', 'collaborated', 'among', 'each', 'other', ',', 'w', 'â€¦', 'https://t.co/IL2VVpfcAU']","['republic', ""Tunisia's"", 'different', 'presidents', ',', 'way', 'another', ',', 'interacted', ',', 'collaborated', 'among', ',', 'w', 'â€¦', 'https://t.co/IL2VVpfcAU']",0,0,0,0,The republic of Tunisia's different presidents had on way or another interacted collaborated among each other wâ€¦ ,0,18,5,No
1186904832269017089,The Tunisian parliament will hold a plenary session on Wednesday for the swearing-in of the newly elected presidentâ€¦ https://t.co/okUnfmq8rW,2019-10-23 07:18:58,2,1,Hootsuite Inc.,140,619855057,cgtnafrica,CGTN Africa,2012-06-27 09:53:26,"China Global Television Network, or CGTN, is Chinaâ€™s new international media organization. It was launched by China Central Television (CCTV) on Dec. 31, 2016.",131719,225,Africa,67142,True,https://t.co/LkaYzSUZu3,"['The', 'Tunisian', 'parliament', 'will', 'hold', 'a', 'plenary', 'session', 'on', 'Wednesday', 'for', 'the', 'swearing-in', 'of', 'the', 'newly', 'elected', 'president', 'â€¦', 'https://t.co/okUnfmq8rW']","['Tunisian', 'parliament', 'hold', 'plenary', 'session', 'Wednesday', 'swearing-in', 'newly', 'elected', 'president', 'â€¦', 'https://t.co/okUnfmq8rW']",0,0,0,0,The Tunisian parliament will hold a plenary session on Wednesday for the swearing-in of the newly elected presidentâ€¦ ,0,19,1,Yes
1186705954513063936,"@Nervana_1 it's really good way to discredits islamists ,is to let them destroy  &amp; discredits themselves ,MB in Egyâ€¦ https://t.co/YpIm1B046P",2019-10-22 18:08:42,0,0,Twitter Web App,144,1186652834529533955,YNensimon,Yahudi Nensimon,2019-10-22 14:37:46,,1,26,,32,False,,"['@Nervana_1', ""it's"", 'really', 'good', 'way', 'to', 'discredits', 'islamists', ',', 'is', 'to', 'let', 'them', 'destroy', '&', 'amp', ';', 'discredits', 'themselves', ',', 'MB', 'in', 'Egy', 'â€¦', 'https://t.co/YpIm1B046P']","['@Nervana_1', 'really', 'good', 'way', 'discredits', 'islamists', ',', 'let', 'destroy', '&', 'amp', ';', 'discredits', ',', 'MB', 'Egy', 'â€¦', 'https://t.co/YpIm1B046P']",0,0,0,1, it's really good way to discredits islamists is to let them destroy  amp discredits themselves MB in Egyâ€¦ ,0,19,6,No
1186704942632984576,@nose____bleed Never said it was lot :/,2019-10-22 18:04:40,0,0,Twitter for Android,39,713671856696508416,kais_,mnhğŸâ„,2016-03-26 10:20:04,17 @icegallery_,824,305, France,4260,False,https://t.co/bkMaxp9WPd,"['@nose____bleed', 'Never', 'said', 'it', 'was', 'lot', ':/']","['@nose____bleed', 'Never', 'said', 'lot', ':/']",0,0,0,1, Never said it was lot /,1,5,1,Yes
1186649802936913920,#Tunisia: President-elect Kais Saied will be sworn in   at a plenary session of @ARPtn on Wednesday October 23 forâ€¦ https://t.co/TIvGR4q0Dv,2019-10-22 14:25:34,2,5,Twitter for Android,139,1107922323175297024,TapNewsAgency,TAP news agency,2019-03-19 08:30:40,TAP news agency... reliable source for timely news,1425,103,"Tunis, Tunisia ğŸ‡¹ğŸ‡³",3232,False,https://t.co/ApOu0cORlo,"['#Tunisia', ':', 'President-elect', 'Kais', 'Saied', 'will', 'be', 'sworn', 'in', 'at', 'a', 'plenary', 'session', 'of', '@ARPtn', 'on', 'Wednesday', 'October', '23', 'for', 'â€¦', 'https://t.co/TIvGR4q0Dv']","['#Tunisia', ':', 'President-elect', 'Kais', 'Saied', 'sworn', 'plenary', 'session', '@ARPtn', 'Wednesday', 'October', '23', 'â€¦', 'https://t.co/TIvGR4q0Dv']",0,0,1,1,Tunisia President-elect Kais Saied will be sworn in   at a plenary session of  on Wednesday October 23 forâ€¦ ,1,19,3,Yes
1186403303279779840,@WikiDokkan Yeah I have her fully duped Iâ€™m pretty sure but Iâ€™m saving my PHY Kais (and Kais in general) for PHY EZâ€¦ https://t.co/PYYzw4fDC4,2019-10-21 22:06:04,0,1,Twitter for iPhone,140,808047736679464960,BaseBlankYT,BaseBlank,2016-12-11 20:36:08,"I'm just a really big anime fan who can draw, I think. My PSN: BaseBlank. My YouTube: BaseBlank - https://t.co/Rye94raVgS",51,142,Disboard,2132,False,,"['@WikiDokkan', 'Yeah', 'I', 'have', 'her', 'fully', 'duped', 'I', 'â€™', 'm', 'pretty', 'sure', 'but', 'I', 'â€™', 'm', 'saving', 'my', 'PHY', 'Kais', '(', 'and', 'Kais', 'in', 'general', ')', 'for', 'PHY', 'EZ', 'â€¦', 'https://t.co/PYYzw4fDC4']","['@WikiDokkan', 'Yeah', 'fully', 'duped', 'â€™', 'pretty', 'sure', 'â€™', 'saving', 'PHY', 'Kais', '(', 'Kais', 'general', ')', 'PHY', 'EZ', 'â€¦', 'https://t.co/PYYzw4fDC4']",0,0,0,1, Yeah I have her fully duped Iâ€™m pretty sure but Iâ€™m saving my PHY Kais (and Kais in general) for PHY EZâ€¦ ,0,24,11,No
1186226089162661889,have i said this yet. i love huening kais hair,2019-10-21 10:21:53,0,0,Twitter Web App,46,727548979,bbjoons,molls 9Â¾,2012-07-31 04:23:06,â™¡ honey bunnies and honey farmers â™¡,591,211,bts & txt ğŸ’— kh/uk,39084,False,https://t.co/7u24SeqfQn,"['have', 'i', 'said', 'this', 'yet', '.', 'i', 'love', 'huening', 'kais', 'hair']","['said', 'yet', '.', 'love', 'huening', 'kais', 'hair']",0,0,0,0,have i said this yet i love huening kais hair,0,10,1,Yes
1185971232619057157,"â€˜Political phenomenonâ€™ Kais Saied.Riadh Sidaoui, director of CARAPS, said the â€œunusualâ€ convergence between rivals,â€¦ https://t.co/8GMwsQaMjq",2019-10-20 17:29:10,2,3,Twitter Web Client,140,135065054,riadhsidaoui,Ø±ÙŠØ§Ø¶ Ø§Ù„ØµÙŠØ¯Ø§ÙˆÙŠ / Riadh Sidaoui,2010-04-20 07:02:52,"â€Ø§Ù†Ø§ Ù„Ø§ Ø£Ø´ØªÙ… ÙˆÙ„Ø§ Ø£Ù…Ø¯Ø­ ÙˆØ¥Ù†Ù…Ø§ Ø£ÙÙƒØ± / Ø£Ù†Ø§ Ø£ÙÙƒØ± Ø¥Ø°Ù† Ø£Ù†Ø§ Ù…ÙˆØ¬ÙˆØ¯
 Je pense, donc je SUIS
.",11421,1005,GenÃ¨ve,16190,False,https://t.co/DEQHiCO5OP,"['â€˜', 'Political', 'phenomenon', 'â€™', 'Kais', 'Saied', '.', 'Riadh', 'Sidaoui', ',', 'director', 'of', 'CARAPS', ',', 'said', 'the', 'â€œ', 'unusual', 'â€', 'convergence', 'between', 'rivals', ',', 'â€¦', 'https://t.co/8GMwsQaMjq']","['â€˜', 'Political', 'phenomenon', 'â€™', 'Kais', 'Saied', '.', 'Riadh', 'Sidaoui', ',', 'director', 'CARAPS', ',', 'said', 'â€œ', 'unusual', 'â€', 'convergence', 'rivals', ',', 'â€¦', 'https://t.co/8GMwsQaMjq']",0,0,0,0,â€˜Political phenomenonâ€™ Kais SaiedRiadh Sidaoui director of CARAPS said the â€œunusualâ€ convergence between rivalsâ€¦ ,0,14,10,Yes
1185504849250734082,Some are still puzzling over how #Tunisia president-elect Kais Said had such success among younger voters last weekâ€¦ https://t.co/rchPujJSpd,2019-10-19 10:35:56,0,2,Twitter Web App,140,1182705193,EileenBByrne,Eileen B Byrne,2013-02-15 13:57:58,"Following Tunisia, Algeria, Morocco etc.  ebyrne202@yahoo.com",1543,819,"London, England. 'Likes' do not mean endorsement.",1799,False,https://t.co/2273fT97B2,"['Some', 'are', 'still', 'puzzling', 'over', 'how', '#Tunisia', 'president-elect', 'Kais', 'Said', 'had', 'such', 'success', 'among', 'younger', 'voters', 'last', 'week', 'â€¦', 'https://t.co/rchPujJSpd']","['still', 'puzzling', '#Tunisia', 'president-elect', 'Kais', 'Said', 'success', 'among', 'younger', 'voters', 'last', 'week', 'â€¦', 'https://t.co/rchPujJSpd']",0,0,1,0,Some are still puzzling over how Tunisia president-elect Kais Said had such success among younger voters last weekâ€¦ ,0,19,1,Yes
1185305617214431234,i know i said exo can pull off any hair color but i lied i donâ€™t like kais hair or chanyeols they need to get rid of that mess,2019-10-18 21:24:15,0,1,Twitter for iPhone,126,1079860139748966400,baekjiaer,#JacksonWang1stAlbum,2018-12-31 22:01:34,stream bullet to the heart,180,183,,11248,False,,"['i', 'know', 'i', 'said', 'exo', 'can', 'pull', 'off', 'any', 'hair', 'color', 'but', 'i', 'lied', 'i', 'don', 'â€™', 't', 'like', 'kais', 'hair', 'or', 'chanyeols', 'they', 'need', 'to', 'get', 'rid', 'of', 'that', 'mess']","['know', 'said', 'exo', 'pull', 'hair', 'color', 'lied', 'â€™', 'like', 'kais', 'hair', 'chanyeols', 'need', 'get', 'rid', 'mess']",0,0,0,0,i know i said exo can pull off any hair color but i lied i donâ€™t like kais hair or chanyeols they need to get rid of that mess,0,30,1,No
1185282442472484864,@MfaTunisia   @seanhannity @TuckerCarlson This will be widely known in the US with appropriate consequences for anyâ€¦ https://t.co/4FIkEQWH16,2019-10-18 19:52:10,0,0,Twitter for iPhone,140,14109083,sternlight,sternlight,2008-03-09 19:49:40,https://t.co/SrWlxmtGjO,36,42,Los Angeles,2763,False,,"['@MfaTunisia', '@seanhannity', '@TuckerCarlson', 'This', 'will', 'be', 'widely', 'known', 'in', 'the', 'US', 'with', 'appropriate', 'consequences', 'for', 'any', 'â€¦', 'https://t.co/4FIkEQWH16']","['@MfaTunisia', '@seanhannity', '@TuckerCarlson', 'widely', 'known', 'US', 'appropriate', 'consequences', 'â€¦', 'https://t.co/4FIkEQWH16']",0,0,0,3,     This will be widely known in the US with appropriate consequences for anyâ€¦ ,0,13,2,No
1185279644712357888,@POTUS Tunisiaâ€™s new president said late last week that relationship or ties with Israel equals â€œhigh treason.â€ KaÃ¯â€¦ https://t.co/Vw45aK2VhV,2019-10-18 19:41:03,0,0,Twitter for iPhone,140,14109083,sternlight,sternlight,2008-03-09 19:49:40,https://t.co/SrWlxmtGjO,36,42,Los Angeles,2763,False,,"['@POTUS', 'Tunisia', 'â€™', 's', 'new', 'president', 'said', 'late', 'last', 'week', 'that', 'relationship', 'or', 'ties', 'with', 'Israel', 'equals', 'â€œ', 'high', 'treason', '.', 'â€', 'KaÃ¯', 'â€¦', 'https://t.co/Vw45aK2VhV']","['@POTUS', 'Tunisia', 'â€™', 'new', 'president', 'said', 'late', 'last', 'week', 'relationship', 'ties', 'Israel', 'equals', 'â€œ', 'high', 'treason', '.', 'â€', 'KaÃ¯', 'â€¦', 'https://t.co/Vw45aK2VhV']",0,0,0,1, Tunisiaâ€™s new president said late last week that relationship or ties with Israel equals â€œhigh treasonâ€ KaÃ¯â€¦ ,0,18,6,No
1185233718929215488,Our second democratically elected president is Mr. Kais Said who won with 72 percent of the votes! I hope he can leâ€¦ https://t.co/aBkOlCKnQi,2019-10-18 16:38:33,0,1,Twitter for iPhone,140,737937197400264704,yasyas_chan,Yasmine M'hirsi,2016-06-01 09:21:52,Humaine|Tunisienne|Antispeciste|Astrophysicist | Particle Physicist|,26,182,"London, England",65,False,,"['Our', 'second', 'democratically', 'elected', 'president', 'is', 'Mr', '.', 'Kais', 'Said', 'who', 'won', 'with', '72', 'percent', 'of', 'the', 'votes', '!', 'I', 'hope', 'he', 'can', 'le', 'â€¦', 'https://t.co/aBkOlCKnQi']","['second', 'democratically', 'elected', 'president', 'Mr', '.', 'Kais', 'Said', '72', 'percent', 'votes', '!', 'hope', 'le', 'â€¦', 'https://t.co/aBkOlCKnQi']",0,1,0,0,Our second democratically elected president is Mr Kais Said who won with 72 percent of the votes I hope he can leâ€¦ ,0,22,5,No
1185187842441527299,And Tunisian president elect Kais Said has mo vision/programme! - a country crippling under debt and a weakening cuâ€¦ https://t.co/Gnsmdw8J7p,2019-10-18 13:36:16,0,0,Twitter for iPhone,140,216572871,ElyssaDidon,Elyssa Didon,2010-11-17 03:41:01,"I'm sexy and I know it! Mom and loving wife working in finance. Into politics, fashion, food & wining. Look forward to sharing with you. Anonymous XOXO",620,317,New York,12472,False,,"['And', 'Tunisian', 'president', 'elect', 'Kais', 'Said', 'has', 'mo', 'vision', '/', 'programme', '!', '-', 'a', 'country', 'crippling', 'under', 'debt', 'and', 'a', 'weakening', 'cu', 'â€¦', 'https://t.co/Gnsmdw8J7p']","['Tunisian', 'president', 'elect', 'Kais', 'Said', 'mo', 'vision', '/', 'programme', '!', '-', 'country', 'crippling', 'debt', 'weakening', 'cu', 'â€¦', 'https://t.co/Gnsmdw8J7p']",0,1,0,0,And Tunisian president elect Kais Said has mo vision/programme - a country crippling under debt and a weakening cuâ€¦ ,0,19,4,No
1185100544819548160,It's not a coincidence to see Tunisian Leader Kais Said getting suspended on Twitter after criticizing #Israel openâ€¦ https://t.co/pGjmhfW8MR,2019-10-18 07:49:22,10,26,Twitter for Android,140,257593,Omar_Gaza,Omar GhraiebğŸ‡µğŸ‡¸,2006-12-26 09:09:59,"Views expressed here are my own, it doesn't represent my country or any organization I work with. 
Omar.journalist@gmail.com
https://t.co/Qo0NYIG3mu",47153,5435,Palestine,91325,True,https://t.co/V3xTwDTgZD,"[""It's"", 'not', 'a', 'coincidence', 'to', 'see', 'Tunisian', 'Leader', 'Kais', 'Said', 'getting', 'suspended', 'on', 'Twitter', 'after', 'criticizing', '#Israel', 'open', 'â€¦', 'https://t.co/pGjmhfW8MR']","['coincidence', 'see', 'Tunisian', 'Leader', 'Kais', 'Said', 'getting', 'suspended', 'Twitter', 'criticizing', '#Israel', 'open', 'â€¦', 'https://t.co/pGjmhfW8MR']",0,0,1,0,It's not a coincidence to see Tunisian Leader Kais Said getting suspended on Twitter after criticizing Israel openâ€¦ ,0,19,1,Yes
1185065470392553473,Tunisiaâ€™s new president said late last week that relationship or ties with Israel equals â€œhigh treason.â€ KaÃ¯s SaÃ¯edâ€¦ https://t.co/ayqOe390EA,2019-10-18 05:30:00,2,1,TweetDeck,140,102172021,Algemeiner,Algemeiner,2010-01-05 21:38:03,"Labeled the fastest growing Jewish newspaper in America, The Algemeiner delivers news and commentary from Israel, Middle East and worldwide Jewish communities",15058,9,Global,31585,True,http://t.co/w1X8YDxkId,"['Tunisia', 'â€™', 's', 'new', 'president', 'said', 'late', 'last', 'week', 'that', 'relationship', 'or', 'ties', 'with', 'Israel', 'equals', 'â€œ', 'high', 'treason', '.', 'â€', 'KaÃ¯s', 'SaÃ¯ed', 'â€¦', 'https://t.co/ayqOe390EA']","['Tunisia', 'â€™', 'new', 'president', 'said', 'late', 'last', 'week', 'relationship', 'ties', 'Israel', 'equals', 'â€œ', 'high', 'treason', '.', 'â€', 'KaÃ¯s', 'SaÃ¯ed', 'â€¦', 'https://t.co/ayqOe390EA']",0,0,0,0,Tunisiaâ€™s new president said late last week that relationship or ties with Israel equals â€œhigh treasonâ€ KaÃ¯s SaÃ¯edâ€¦ ,0,19,5,Yes
1184931679766532097,"The election of Kais Saied as President of Tunisia, gave many Tunisians a boost of optimism. Saied seeks to expandâ€¦ https://t.co/1BREW8IQB9",2019-10-17 20:38:22,1,3,Twitter Web App,139,1007716032960659458,TheTopline,The Topline,2018-06-15 20:06:39,Democracy's Front Page. Your source for the latest news & opinion on issues related to liberty & justice in America & beyond. By Stand Up Republic Foundation.,355,153,,2521,False,https://t.co/mtjqQpdbDw,"['The', 'election', 'of', 'Kais', 'Saied', 'as', 'President', 'of', 'Tunisia', ',', 'gave', 'many', 'Tunisians', 'a', 'boost', 'of', 'optimism', '.', 'Saied', 'seeks', 'to', 'expand', 'â€¦', 'https://t.co/1BREW8IQB9']","['election', 'Kais', 'Saied', 'President', 'Tunisia', ',', 'gave', 'many', 'Tunisians', 'boost', 'optimism', '.', 'Saied', 'seeks', 'expand', 'â€¦', 'https://t.co/1BREW8IQB9']",0,0,0,0,The election of Kais Saied as President of Tunisia gave many Tunisians a boost of optimism Saied seeks to expandâ€¦ ,0,20,3,Yes
1184831377608445953,"@lmgaveriaux Laura, we must respect democracy. The people never asked for equal inheritance, nor homosexual rights.â€¦ https://t.co/6mGsNJTLai",2019-10-17 13:59:48,0,0,Twitter Web App,140,1174971972851097605,zebizeb46828231,ĞŸĞ°Ñ‚Ğ¸Ñ‚ Ù¾Ø§ØªÙŠØª ğŸ‡¹ğŸ‡³,2019-09-20 09:02:18,,17,12,,108,False,,"['@lmgaveriaux', 'Laura', ',', 'we', 'must', 'respect', 'democracy', '.', 'The', 'people', 'never', 'asked', 'for', 'equal', 'inheritance', ',', 'nor', 'homosexual', 'rights', '.', 'â€¦', 'https://t.co/6mGsNJTLai']","['@lmgaveriaux', 'Laura', ',', 'must', 'respect', 'democracy', '.', 'people', 'never', 'asked', 'equal', 'inheritance', ',', 'homosexual', 'rights', '.', 'â€¦', 'https://t.co/6mGsNJTLai']",0,0,0,1, Laura we must respect democracy The people never asked for equal inheritance nor homosexual rightsâ€¦ ,0,15,5,No
